{
    "$schema": "https://schema.management.azure.com/schemas/2015-01-01/deploymentParameters.json#",
    "contentVersion": "1.0.0.0",
    "parameters": {
        "factoryName": {
            "value": "adf-cars-yd"
        },
        "ls_sql_db_password": {
            "value": ""
        },
        "ls_lake_accountKey": {
            "value": ""
        },
        "ls_sql_db_properties_typeProperties_server": {
            "value": "carsalesserveryd.database.windows.net"
        },
        "ls_sql_db_properties_typeProperties_database": {
            "value": "cardb_yd"
        },
        "ls_sql_db_properties_typeProperties_userName": {
            "value": "adminyd"
        },
        "ls_github_properties_typeProperties_url": {
            "value": "https://raw.githubusercontent.com/"
        },
        "ls_lake_properties_typeProperties_url": {
            "value": "https://cardatalakeyd.dfs.core.windows.net/"
        },
        "containerUri": {
            "value": ""
        },
        "containerSasToken": {
            "value": ""
        }
    }
}