{
    "$schema": "http://schema.management.azure.com/schemas/2015-01-01/deploymentTemplate.json#",
    "contentVersion": "1.0.0.0",
    "parameters": {
        "factoryName": {
            "type": "string",
            "metadata": "Data Factory name",
            "defaultValue": "adf-cars-yd"
        },
        "ls_sql_db_password": {
            "type": "secureString",
            "metadata": "Secure string for 'password' of 'ls_sql_db'"
        },
        "ls_lake_accountKey": {
            "type": "secureString",
            "metadata": "Secure string for 'accountKey' of 'ls_lake'"
        },
        "ls_sql_db_properties_typeProperties_server": {
            "type": "string",
            "defaultValue": "carsalesserveryd.database.windows.net"
        },
        "ls_sql_db_properties_typeProperties_database": {
            "type": "string",
            "defaultValue": "cardb_yd"
        },
        "ls_sql_db_properties_typeProperties_userName": {
            "type": "string",
            "defaultValue": "adminyd"
        },
        "ls_github_properties_typeProperties_url": {
            "type": "string",
            "defaultValue": "https://raw.githubusercontent.com/"
        },
        "ls_lake_properties_typeProperties_url": {
            "type": "string",
            "defaultValue": "https://cardatalakeyd.dfs.core.windows.net/"
        }
    },
    "variables": {
        "factoryId": "[concat('Microsoft.DataFactory/factories/', parameters('factoryName'))]"
    },
    "resources": [
        {
            "name": "[concat(parameters('factoryName'), '/source_prep-pip')]",
            "type": "Microsoft.DataFactory/factories/pipelines",
            "apiVersion": "2018-06-01",
            "properties": {
                "activities": [
                    {
                        "name": "copy-git-data",
                        "type": "Copy",
                        "dependsOn": [],
                        "policy": {
                            "timeout": "0.12:00:00",
                            "retry": 0,
                            "retryIntervalInSeconds": 30,
                            "secureOutput": false,
                            "secureInput": false
                        },
                        "userProperties": [],
                        "typeProperties": {
                            "source": {
                                "type": "DelimitedTextSource",
                                "storeSettings": {
                                    "type": "HttpReadSettings",
                                    "requestMethod": "GET"
                                },
                                "formatSettings": {
                                    "type": "DelimitedTextReadSettings"
                                }
                            },
                            "sink": {
                                "type": "AzureSqlSink",
                                "writeBehavior": "insert",
                                "sqlWriterUseTableLock": false
                            },
                            "enableStaging": false,
                            "translator": {
                                "type": "TabularTranslator",
                                "mappings": [
                                    {
                                        "source": {
                                            "name": "Branch_ID",
                                            "type": "String",
                                            "physicalType": "String"
                                        },
                                        "sink": {
                                            "name": "Branch_ID",
                                            "type": "String",
                                            "physicalType": "varchar"
                                        }
                                    },
                                    {
                                        "source": {
                                            "name": "Dealer_ID",
                                            "type": "String",
                                            "physicalType": "String"
                                        },
                                        "sink": {
                                            "name": "Dealer_ID",
                                            "type": "String",
                                            "physicalType": "varchar"
                                        }
                                    },
                                    {
                                        "source": {
                                            "name": "Model_ID",
                                            "type": "String",
                                            "physicalType": "String"
                                        },
                                        "sink": {
                                            "name": "Model_ID",
                                            "type": "String",
                                            "physicalType": "varchar"
                                        }
                                    },
                                    {
                                        "source": {
                                            "name": "Revenue",
                                            "type": "String",
                                            "physicalType": "String"
                                        },
                                        "sink": {
                                            "name": "Revenue",
                                            "type": "Int64",
                                            "physicalType": "bigint"
                                        }
                                    },
                                    {
                                        "source": {
                                            "name": "Units_Sold",
                                            "type": "String",
                                            "physicalType": "String"
                                        },
                                        "sink": {
                                            "name": "Units_Sold",
                                            "type": "Int64",
                                            "physicalType": "bigint"
                                        }
                                    },
                                    {
                                        "source": {
                                            "name": "Date_ID",
                                            "type": "String",
                                            "physicalType": "String"
                                        },
                                        "sink": {
                                            "name": "Date_ID",
                                            "type": "String",
                                            "physicalType": "varchar"
                                        }
                                    },
                                    {
                                        "source": {
                                            "name": "Day",
                                            "type": "String",
                                            "physicalType": "String"
                                        },
                                        "sink": {
                                            "name": "Day",
                                            "type": "Int32",
                                            "physicalType": "int"
                                        }
                                    },
                                    {
                                        "source": {
                                            "name": "Month",
                                            "type": "String",
                                            "physicalType": "String"
                                        },
                                        "sink": {
                                            "name": "Month",
                                            "type": "Int32",
                                            "physicalType": "int"
                                        }
                                    },
                                    {
                                        "source": {
                                            "name": "Year",
                                            "type": "String",
                                            "physicalType": "String"
                                        },
                                        "sink": {
                                            "name": "Year",
                                            "type": "Int32",
                                            "physicalType": "int"
                                        }
                                    },
                                    {
                                        "source": {
                                            "name": "BranchName",
                                            "type": "String",
                                            "physicalType": "String"
                                        },
                                        "sink": {
                                            "name": "BranchName",
                                            "type": "String",
                                            "physicalType": "varchar"
                                        }
                                    },
                                    {
                                        "source": {
                                            "name": "DealerName",
                                            "type": "String",
                                            "physicalType": "String"
                                        },
                                        "sink": {
                                            "name": "DealerName",
                                            "type": "String",
                                            "physicalType": "varchar"
                                        }
                                    }
                                ],
                                "typeConversion": true,
                                "typeConversionSettings": {
                                    "allowDataTruncation": true,
                                    "treatBooleanAsNumber": false
                                }
                            }
                        },
                        "inputs": [
                            {
                                "referenceName": "ds_git",
                                "type": "DatasetReference",
                                "parameters": {
                                    "load_flag": "SalesData.csv"
                                }
                            }
                        ],
                        "outputs": [
                            {
                                "referenceName": "ds_sql_db",
                                "type": "DatasetReference",
                                "parameters": {
                                    "table_name": "1"
                                }
                            }
                        ]
                    }
                ],
                "policy": {
                    "elapsedTimeMetric": {}
                },
                "annotations": [],
                "lastPublishTime": "2025-07-14T22:39:09Z"
            },
            "dependsOn": [
                "[concat(variables('factoryId'), '/datasets/ds_git')]",
                "[concat(variables('factoryId'), '/datasets/ds_sql_db')]"
            ]
        },
        {
            "name": "[concat(parameters('factoryName'), '/increment-data-pip')]",
            "type": "Microsoft.DataFactory/factories/pipelines",
            "apiVersion": "2018-06-01",
            "properties": {
                "activities": [
                    {
                        "name": "Copy increm data",
                        "type": "Copy",
                        "dependsOn": [
                            {
                                "activity": "last load",
                                "dependencyConditions": [
                                    "Succeeded"
                                ]
                            },
                            {
                                "activity": "currentload",
                                "dependencyConditions": [
                                    "Succeeded"
                                ]
                            }
                        ],
                        "policy": {
                            "timeout": "0.12:00:00",
                            "retry": 0,
                            "retryIntervalInSeconds": 30,
                            "secureOutput": false,
                            "secureInput": false
                        },
                        "userProperties": [],
                        "typeProperties": {
                            "source": {
                                "type": "AzureSqlSource",
                                "sqlReaderQuery": {
                                    "value": "SELECT * FROM source_car_data WHERE Date_ID > '@{activity('last load').output.value[0].last_load}' AND Date_ID <= '@{activity('currentload').output.value[0].max_date}'",
                                    "type": "Expression"
                                },
                                "queryTimeout": "02:00:00",
                                "partitionOption": "None"
                            },
                            "sink": {
                                "type": "ParquetSink",
                                "storeSettings": {
                                    "type": "AzureBlobFSWriteSettings"
                                },
                                "formatSettings": {
                                    "type": "ParquetWriteSettings"
                                }
                            },
                            "enableStaging": false,
                            "translator": {
                                "type": "TabularTranslator",
                                "typeConversion": true,
                                "typeConversionSettings": {
                                    "allowDataTruncation": true,
                                    "treatBooleanAsNumber": false
                                }
                            }
                        },
                        "inputs": [
                            {
                                "referenceName": "ds_sql_db",
                                "type": "DatasetReference",
                                "parameters": {
                                    "table_name": {
                                        "value": "SELECT * FROM source_car_data WHERE Date_ID > '@{activity('last load').output.value[0].last_load}' AND Date_ID <= '@{activity('currentload').output.value[0].max_date}'\n",
                                        "type": "Expression"
                                    }
                                }
                            }
                        ],
                        "outputs": [
                            {
                                "referenceName": "ds_bronze",
                                "type": "DatasetReference",
                                "parameters": {}
                            }
                        ]
                    },
                    {
                        "name": "last load",
                        "type": "Lookup",
                        "dependsOn": [],
                        "policy": {
                            "timeout": "0.12:00:00",
                            "retry": 0,
                            "retryIntervalInSeconds": 30,
                            "secureOutput": false,
                            "secureInput": false
                        },
                        "userProperties": [],
                        "typeProperties": {
                            "source": {
                                "type": "AzureSqlSource",
                                "sqlReaderQuery": "select * from water_table",
                                "queryTimeout": "02:00:00",
                                "partitionOption": "None"
                            },
                            "dataset": {
                                "referenceName": "ds_sql_db",
                                "type": "DatasetReference",
                                "parameters": {
                                    "table_name": "water_table"
                                }
                            },
                            "firstRowOnly": false
                        }
                    },
                    {
                        "name": "currentload",
                        "type": "Lookup",
                        "dependsOn": [],
                        "policy": {
                            "timeout": "0.12:00:00",
                            "retry": 0,
                            "retryIntervalInSeconds": 30,
                            "secureOutput": false,
                            "secureInput": false
                        },
                        "userProperties": [],
                        "typeProperties": {
                            "source": {
                                "type": "AzureSqlSource",
                                "sqlReaderQuery": "SELECT MAX(Date_ID) AS max_date FROM source_car_data;\n\n",
                                "queryTimeout": "02:00:00",
                                "partitionOption": "None"
                            },
                            "dataset": {
                                "referenceName": "ds_sql_db",
                                "type": "DatasetReference",
                                "parameters": {
                                    "table_name": "source_car_data"
                                }
                            },
                            "firstRowOnly": false
                        }
                    },
                    {
                        "name": "WatermarkUpdate",
                        "type": "SqlServerStoredProcedure",
                        "dependsOn": [
                            {
                                "activity": "Copy increm data",
                                "dependencyConditions": [
                                    "Succeeded"
                                ]
                            }
                        ],
                        "policy": {
                            "timeout": "0.12:00:00",
                            "retry": 0,
                            "retryIntervalInSeconds": 30,
                            "secureOutput": false,
                            "secureInput": false
                        },
                        "userProperties": [],
                        "typeProperties": {
                            "storedProcedureName": "[[dbo].[UpdateWatermarkTable]",
                            "storedProcedureParameters": {
                                "lastload": {
                                    "value": {
                                        "value": "@activity('currentload').output.value[0].max_date",
                                        "type": "Expression"
                                    },
                                    "type": "String"
                                }
                            }
                        },
                        "linkedServiceName": {
                            "referenceName": "ls_sql_db",
                            "type": "LinkedServiceReference"
                        }
                    }
                ],
                "policy": {
                    "elapsedTimeMetric": {}
                },
                "annotations": [],
                "lastPublishTime": "2025-07-15T14:38:37Z"
            },
            "dependsOn": [
                "[concat(variables('factoryId'), '/datasets/ds_sql_db')]",
                "[concat(variables('factoryId'), '/datasets/ds_bronze')]",
                "[concat(variables('factoryId'), '/linkedServices/ls_sql_db')]"
            ]
        },
        {
            "name": "[concat(parameters('factoryName'), '/ds_sql_db')]",
            "type": "Microsoft.DataFactory/factories/datasets",
            "apiVersion": "2018-06-01",
            "properties": {
                "linkedServiceName": {
                    "referenceName": "ls_sql_db",
                    "type": "LinkedServiceReference"
                },
                "parameters": {
                    "table_name": {
                        "type": "string"
                    }
                },
                "annotations": [],
                "type": "AzureSqlTable",
                "schema": [
                    {
                        "name": "Branch_ID",
                        "type": "varchar"
                    },
                    {
                        "name": "Dealer_ID",
                        "type": "varchar"
                    },
                    {
                        "name": "Model_ID",
                        "type": "varchar"
                    },
                    {
                        "name": "Revenue",
                        "type": "bigint",
                        "precision": 19
                    },
                    {
                        "name": "Units_Sold",
                        "type": "bigint",
                        "precision": 19
                    },
                    {
                        "name": "Date_ID",
                        "type": "varchar"
                    },
                    {
                        "name": "Day",
                        "type": "int",
                        "precision": 10
                    },
                    {
                        "name": "Month",
                        "type": "int",
                        "precision": 10
                    },
                    {
                        "name": "Year",
                        "type": "int",
                        "precision": 10
                    },
                    {
                        "name": "BranchName",
                        "type": "varchar"
                    },
                    {
                        "name": "DealerName",
                        "type": "varchar"
                    }
                ],
                "typeProperties": {
                    "schema": "dbo",
                    "table": {
                        "value": "@dataset().table_name",
                        "type": "Expression"
                    }
                }
            },
            "dependsOn": [
                "[concat(variables('factoryId'), '/linkedServices/ls_sql_db')]"
            ]
        },
        {
            "name": "[concat(parameters('factoryName'), '/ds_git')]",
            "type": "Microsoft.DataFactory/factories/datasets",
            "apiVersion": "2018-06-01",
            "properties": {
                "linkedServiceName": {
                    "referenceName": "ls_github",
                    "type": "LinkedServiceReference"
                },
                "parameters": {
                    "load_flag": {
                        "type": "string"
                    }
                },
                "annotations": [],
                "type": "DelimitedText",
                "typeProperties": {
                    "location": {
                        "type": "HttpServerLocation",
                        "relativeUrl": {
                            "value": "anshlambagit/Azure-DE-Project-Resources/refs/heads/main/Raw%20Data/@{dataset().load_flag}",
                            "type": "Expression"
                        }
                    },
                    "columnDelimiter": ",",
                    "escapeChar": "\\",
                    "firstRowAsHeader": true,
                    "quoteChar": "\""
                },
                "schema": []
            },
            "dependsOn": [
                "[concat(variables('factoryId'), '/linkedServices/ls_github')]"
            ]
        },
        {
            "name": "[concat(parameters('factoryName'), '/ds_bronze')]",
            "type": "Microsoft.DataFactory/factories/datasets",
            "apiVersion": "2018-06-01",
            "properties": {
                "linkedServiceName": {
                    "referenceName": "ls_lake",
                    "type": "LinkedServiceReference"
                },
                "annotations": [],
                "type": "Parquet",
                "typeProperties": {
                    "location": {
                        "type": "AzureBlobFSLocation",
                        "folderPath": "rawdata",
                        "fileSystem": "bronze"
                    },
                    "compressionCodec": "snappy"
                },
                "schema": []
            },
            "dependsOn": [
                "[concat(variables('factoryId'), '/linkedServices/ls_lake')]"
            ]
        },
        {
            "name": "[concat(parameters('factoryName'), '/ls_sql_db')]",
            "type": "Microsoft.DataFactory/factories/linkedServices",
            "apiVersion": "2018-06-01",
            "properties": {
                "annotations": [],
                "type": "AzureSqlDatabase",
                "typeProperties": {
                    "server": "[parameters('ls_sql_db_properties_typeProperties_server')]",
                    "database": "[parameters('ls_sql_db_properties_typeProperties_database')]",
                    "encrypt": "mandatory",
                    "trustServerCertificate": false,
                    "authenticationType": "SQL",
                    "userName": "[parameters('ls_sql_db_properties_typeProperties_userName')]",
                    "password": {
                        "type": "SecureString",
                        "value": "[parameters('ls_sql_db_password')]"
                    }
                }
            },
            "dependsOn": []
        },
        {
            "name": "[concat(parameters('factoryName'), '/ls_github')]",
            "type": "Microsoft.DataFactory/factories/linkedServices",
            "apiVersion": "2018-06-01",
            "properties": {
                "annotations": [],
                "type": "HttpServer",
                "typeProperties": {
                    "url": "[parameters('ls_github_properties_typeProperties_url')]",
                    "enableServerCertificateValidation": true,
                    "authenticationType": "Anonymous"
                }
            },
            "dependsOn": []
        },
        {
            "name": "[concat(parameters('factoryName'), '/ls_lake')]",
            "type": "Microsoft.DataFactory/factories/linkedServices",
            "apiVersion": "2018-06-01",
            "properties": {
                "annotations": [],
                "type": "AzureBlobFS",
                "typeProperties": {
                    "url": "[parameters('ls_lake_properties_typeProperties_url')]",
                    "accountKey": {
                        "type": "SecureString",
                        "value": "[parameters('ls_lake_accountKey')]"
                    }
                }
            },
            "dependsOn": []
        }
    ]
}